,nodes_num,edges_num,features,label_info,adj_homo,edge_homo
roman-empire,22662,32927,300,0.2197083278068915,-0.04675775204850305,0.04689160871017706
amazon-ratings,24492,93050,300,0.0398455788555742,0.14023015893977192,0.3803761418592155
minesweeper,10000,39402,7,8.771691932594786e-05,0.009364822607378144,0.682782599868027
tolokers,11758,519000,10,0.00686161181176635,0.09258381279220237,0.5945221579961464
questions,48921,153540,301,0.002129822222149769,0.020672230567323605,0.8395662368112544
squirrel-filtered-directed,2223,65718,2089,0.01841788535757399,0.021587740662391806,0.21741379835052801
chameleon-filtered-directed,890,13584,2325,0.024085562811905086,0.04497533260523793,0.24742343934040048
